review	submitted_zip_sha256	seed_supplied	language	runner	their_verdict	my_verdict	score_given	majors	minors	observations	findings_filed	findings_withdrawn	battery_rows_run_of_8	stock_defects_present_of_8	review_minutes	round	outcome	workflow_standard	base_elapsed_seconds	extension_trigger	extension_elapsed_seconds	form_ready_elapsed_seconds	form_ready_at_utc	platform_panels_reviewed
20260723_030152__mithriljs_mithril.js__2021	99f4a461	no	javascript	ospec	?	Needs Revision	2	?	?	?	11	0	?	5	?	1	not supplied
20260720_144200__thomas4019_expressa__132	95ab6756	no	javascript	mocha	?	Needs Revision	2	?	?	?	?	3	?	5	?	1	not supplied
20260717_182400__felixguendling_cista__172	90f24c86	yes	cpp	doctest/ctest	?	Needs Revision	2	?	?	?	12	?	?	6	?	1	not supplied
20260806_080603__tair-opensource_redisshake__657	41a324d995b79e8d4f2975be7e39946589bfa85eb4d4805d6d0ab2289a421002	yes	go	go test -json ./...	Fixable	Needs Revision	2	4	5	5	15	6	8	6	?	3	review-submitted
20260805_220102__aws_aws-lambda-web-adapter__183	b571e2c10b59d3bdd4641471b4434cdb4517263646beec721e5120a1d97f9ef1	yes	rust	cargo test (custom parser)	Fixable	Accept	3	0	1	4	5	1	2	0	PENDING-USER	1	awaiting submission
20260801_211601__ggrossetie_asciidoctor-web-pdf__79	809f6bc86c61e3baf0c5fdae419b4e4e0e13b6508a4cdd56376eb3ffa222d51e	yes	javascript	mocha	Fixable	Needs Revision	2	2	4	6	6	4	0	4	not supplied	2	not supplied	section-13, battery exempted by user	?	none	?	?	2026-08-19	all six panels, four difficulty counters, 8/12 prior feedback
20260806_080603__tair-opensource_redisshake__657__resubmission-20260818	41a324d995b79e8d4f2975be7e39946589bfa85eb4d4805d6d0ab2289a421002	yes	go	go test -json ./...	Fixable	Needs Revision	2	4	3	0	7	0	0	not assessed	7	4	review-submitted	timed-static-v1	300	direct Major signal	121	421	2026-08-19T12:12:31Z	Static Checks, Prescriptiveness, Difficulty Check, Agentic Judge Quality Report, Oracle Check, Quality Check
20260805_220102__wasm-micro-runtime_wasm-micro-runtime__4886	675d1c046b772c1ccff5cdae419b4e4e0e13b6508a4cdd56376eb3ffa222d51e	yes	c	cmake with cmocka and gtest	Fixable	Needs Revision	2	1	2	2	3	0	0	not assessed	7	1	review-submitted	timed-static-v1	300	direct Major signal	97	397	2026-08-19T12:30:14Z	Static Checks, Prescriptiveness, Difficulty Check, Agentic Judge Quality Report, Oracle Check, Quality Check
20260729_094233__layui_layui__1569	813085534159a1b28aea1c67ae8c03b1812b737d46e76bf59401330d6aebb0ae	yes	javascript	node tests/__harbor_eval__/laydate.disabledDate_eval.js	Fixable	Accept	3	0	3	4	3	0	0	not assessed	5.4	1	not supplied	timed-static-v1	300	concrete claim contradiction	21	321	2026-08-19T13:02:01Z	Static Checks, Prescriptiveness, Difficulty Check, Agentic Judge Quality Report, Oracle Check, Quality Check
20260804_160342__connectrpc_connect-rust__239	a6c3ce6cee26c7b123bc07a865e40d4554d5af765b9441c02b4b7bc0fe0c5f5f	yes	rust	cargo	Fixable	Needs Revision	2	1	1	2	2	0	0	?	2.5	1	not supplied	timed-static-v1	150	-	0	150	2026-08-19T13:33:51Z	static,prescriptiveness,difficulty,agentic-judge,oracle,quality
20260727_135618__joblib_joblib__699	bad560333390bd63b2cd9a18fe58715cf483c7f6f37542d72d0d228266b8c7d5	yes	python	python -m pytest -v joblib/test/test_loky_pr699.py	Fixable	Needs Revision	2	2	3	0	7	0	0	not assessed	6.9	1	not supplied	timed-static-v1	300	direct Major signal	112	412	2026-08-19T14:19:53Z	Static Checks, Prescriptiveness, Difficulty Check, Agentic Judge Quality Report, Oracle Check, Quality Check
20260722_140543__openwhispr_openwhispr__656	9010a8397c69cbad29e8ea8968b0ce3f49d9d137d3e34415f98a6b7982d18672	yes	javascript	not assessed	Fixable	Needs Revision	2	3	2	0	5	0	0	not assessed	8.8	1	review-submitted	timed-static-v1	300	direct Major signal and page-to-artifact contradiction	227	527	2026-08-19T17:46:54Z	Static Checks, Prescriptiveness, Difficulty Check, Agentic Judge Quality Report, Oracle Check, Quality Check
20260804_160342__connectrpc_connect-rust__239__resubmission-20260819	db942193209987d4368399640b59ca39f5b886ac5a9001b4a911fb78d3eb5e86	yes	rust	cargo	Fixable	Accept	3	0	1	2	1	2	0	0	8	2	not supplied	timed-static-v1	300	concrete claim contradiction	180	480	2026-08-19T22:30:40Z	Static Checks, Prescriptiveness, Difficulty Check, Agentic Judge Quality Report, Oracle Check, Quality Check
20260722_140543__openwhispr_openwhispr__656__review-11c70bc8	02c5e0f85a825eba58d2c5ec6a9846e2e11fee428d4d90cf53c691a851b66c65	yes	javascript	node --test	Fixable	Accept	3	0	2	1	2	0	0	not assessed	4.8	2	not supplied	timed-static-v1	289	direct static metadata signal, not used	0	289	2026-08-19T22:56:20Z	Static Checks, Prescriptiveness, Difficulty Check, Agentic Judge Quality Report, Oracle Check, Quality Check
20260728_153118__unslothai_unsloth__7074	fd43c950442083ac5e6a7354d56e0a4c42c45ac9a2fd53b988ba94d0792ad192	yes	typescript	vitest	Fixable	Needs Revision	2	1	4	0	5	0	0	not assessed	9.7	1	not supplied	timed-static-v1	300	concrete page-to-artifact contradiction	280	580	2026-08-20T06:57:36Z	Static Checks, Prescriptiveness, Difficulty Check, Agentic Judge Quality Report, Oracle Check, Quality Check
20260805_220102__wasm-micro-runtime_wasm-micro-runtime__4886__resubmission-20260820	765484cb3a207f526917f55169a715b91d03ab54f1c9dd2c1ddea9c05c8bcfa5	yes	c	cmake with cmocka and gtest	Fixable	Needs Revision	2	1	0	3	1	2	0	not assessed	7	2	awaiting submission	timed-static-v1	300	direct Major signal	187	418	2026-08-20T16:40:54Z	Static Checks, Prescriptiveness, Difficulty Check, Agentic Judge Quality Report, Oracle Check, Quality Check
